"Adjusted P value","ID","Description","A & B","A","B","U"
"0.0105115159925021","GO:0020037","heme binding","24","502","182","10021"
"0.0105115159925021","GO:0046906","tetrapyrrole binding","24","502","183","10021"
"0.00508823817171485","GO:0006952","defense response","16","502","84","10021"
"2.49786006214587e-07","GO:0043531","ADP binding","24","502","100","10021"
